Workbook

Sheet Démarrer
A1: Carnet de diagnostic guidé - 13 points de contrôle rapides
A3: Objectif | B3: Diagnostiquer un écart, proposer sa mise en conformité et conserver une preuve de l'écart. Ce carnet de sensibilisation ne remplace pas un audit RGAA formel.
A5: Auditeur | C5: Date | F5: Cellules jaunes : à renseigner
A6: Navigateur | C6: Outils
A8: Parcours | B8: Ouvrir la page à tester, réaliser le contrôle, puis renseigner le constat, la mise en conformité à réaliser et la preuve. Consulter l'aide ou la correction seulement après la recherche autonome.
A10: # | B10: Point testé | C10: Page d'exercice | D10: Slides | E10: Ouvrir la fiche | F10: Ouvrir la page
A11: #01 | B11: Texte alternatif des images | C11: Contrôler les images avant publication | D11: 84-86 | E11: Ouvrir la fiche | F11: Ouvrir la page
A12: #02 | B12: Titre de page | C12: Résultats de recherche RGAA | D12: 87 | E12: Ouvrir la fiche | F12: Ouvrir la page
A13: #03 | B13: Titres et hiérarchie | C13: Guide du RGAA | D13: 88-89 | E13: Ouvrir la fiche | F13: Ouvrir la page
A14: #04 | B14: Contraste des couleurs | C14: Charte de publication | D14: 90-91 | E14: Ouvrir la fiche | F14: Ouvrir la page
A15: #05 | B15: Lien d'évitement | C15: Accès rapide aux contenus | D15: 92 | E15: Ouvrir la fiche | F15: Ouvrir la page
A16: #06 | B16: Focus et navigation clavier | C16: Parcours clavier | D16: 93-96 | E16: Ouvrir la fiche | F16: Ouvrir la page
A17: #07 | B17: Langue de la page | C17: Atelier international | D17: 97 | E17: Ouvrir la fiche | F17: Ouvrir la page
A18: #08 | B18: Zoom à 200 % | C18: Ressources à zoomer | D18: 98 | E18: Ouvrir la fiche | F18: Ouvrir la page
A19: #09 | B19: Sous-titres vidéo | C19: Vidéo de sensibilisation | D19: 99-100 | E19: Ouvrir la fiche | F19: Ouvrir la page
A20: #10 | B20: Transcriptions audio et vidéo | C20: Écouter un podcast | D20: 101 | E20: Ouvrir la fiche | F20: Ouvrir la page
A21: #11 | B21: Audiodescription | C21: Démonstration vidéo | D21: 102 | E21: Ouvrir la fiche | F21: Ouvrir la page
... A23: #13 | B23: Champs obligatoires et erreurs | C23: Formulaire de contact | D23: 108 | E23: Ouvrir la fiche | F23: Ouvrir la page
A26: Après la recherche autonome
A27: # | B27: Page d'exercice | C27: Aide à la correction | D27: Version corrigée
A28: #01 | B28: Contrôler les images avant publication | C28: Voir l'aide | D28: Voir la correction
A29: #02 | B29: Résultats de recherche RGAA | C29: Voir l'aide | D29: Voir la correction
A30: #03 | B30: Guide du RGAA | C30: Voir l'aide | D30: Voir la correction
A31: #04 | B31: Charte de publication | C31: Voir l'aide | D31: Voir la correction
A32: #05 | B32: Accès rapide aux contenus | C32: Voir l'aide | D32: Voir la correction
A33: #06 | B33: Parcours clavier | C33: Voir l'aide | D33: Voir la correction
A34: #07 | B34: Atelier international | C34: Voir l'aide | D34: Voir la correction
A35: #08 | B35: Ressources à zoomer | C35: Voir l'aide | D35: Voir la correction
A36: #09 | B36: Vidéo de sensibilisation | C36: Voir l'aide | D36: Voir la correction
A37: #10 | B37: Écouter un podcast | C37: Voir l'aide | D37: Voir la correction
A38: #11 | B38: Démonstration vidéo | C38: Voir l'aide | D38: Voir la correction
... A40: #13 | B40: Formulaire de contact | C40: Voir l'aide | D40: Voir la correction
A42: Références
B43: Points de contrôle rapides W3C
B44: WCAG 2.2
B45: RGAA 4.1.2

Sheet #01 - Images
A1: #01 | B1: Texte alternatif des images
A3: Page à auditer | B3: Contrôler les images avant publication
A4: Slides projetées | B4: 84-86
A5: Question à tester | B5: Chaque image reçoit-elle le traitement adapté à son rôle : informative, décorative, fonctionnelle ou complexe ?
A6: Référence WCAG 2.2 | B6: 1.1.1 - Contenu non textuel
A7: Référence RGAA 4.1.2 | B7: 1.1, 1.2, 1.3, 1.6, 1.7, 1.8, 1.9, 6.1
A8: Comment tester | B8: Afficher les attributs alt avec Web Developer (Images > Display Alt Attributes) ou utiliser le bookmarklet « Check images », puis vérifier leur pertinence selon le rôle de l'image et le contexte du lien.
A9: Ce qu'il faut rendre conforme | B9: Alternative utile pour une image informative ou fonctionnelle. Alternative vide pour une image décorative. Description détaillée pour un contenu complexe.
A11: Constat
A12: Mise en conformité à réaliser
A13: Preuve de l'écart
A15: Retour à Démarrer | B15: Point précédent
A16: Point suivant | B16: Voir la synthèse

Sheet #02 - Titre de page
A1: #02 | B1: Titre de page
A3: Page à auditer | B3: Résultats de recherche RGAA
A4: Slides projetées | B4: 87
A5: Question à tester | B5: Le titre identifie-t-il clairement la page, la requête et, le cas échéant, la pagination ?
A6: Référence WCAG 2.2 | B6: 2.4.2 - Titre de page
A7: Référence RGAA 4.1.2 | B7: 8.5, 8.6
A8: Comment tester | B8: Lire le titre dans l'onglet du navigateur et dans le code source.
A9: Ce qu'il faut rendre conforme | B9: Titre présent et pertinent. Information propre à la page placée avant le nom du site. Titre distinct d'une page à l'autre.
A11: Constat
A12: Mise en conformité à réaliser
A13: Preuve de l'écart
A15: Retour à Démarrer | B15: Point précédent
A16: Point suivant | B16: Voir la synthèse

Sheet #03 - Titres
A1: #03 | B1: Titres et hiérarchie
A3: Page à auditer | B3: Guide du RGAA
A4: Slides projetées | B4: 88-89
A5: Question à tester | B5: Les titres visibles sont-ils réellement balisés et organisés sans saut de niveau incohérent ?
A6: Référence WCAG 2.2 | B6: 1.3.1 - Information et relations ; 2.4.6 - En-têtes et étiquettes
A7: Référence RGAA 4.1.2 | B7: 9.1
A8: Comment tester | B8: Comparer le plan visuel et le plan obtenu avec HeadingsMap ou « Check headings ».
A9: Ce qu'il faut rendre conforme | B9: Titres balisés de h1 à h6. Un titre principal pertinent. Hiérarchie logique qui décrit la structure du contenu.
A11: Constat
A12: Mise en conformité à réaliser
A13: Preuve de l'écart
A15: Retour à Démarrer | B15: Point précédent
A16: Point suivant | B16: Voir la synthèse

Sheet #04 - Contrastes
A1: #04 | B1: Contraste des couleurs
A3: Page à auditer | B3: Charte de publication
A4: Slides projetées | B4: 90-91
A5: Question à tester | B5: Les textes, composants et informations graphiques atteignent-ils les contrastes minimaux requis ?
A6: Référence WCAG 2.2 | B6: 1.4.3 - Contraste minimum ; 1.4.11 - Contraste du contenu non textuel
A7: Référence RGAA 4.1.2 | B7: 3.2, 3.3
A8: Comment tester | B8: Mesurer les couleurs avec CCA, WebAIM Contrast Checker ou la pipette des outils de développement.
A9: Ce qu'il faut rendre conforme | B9: Texte courant : 4,5:1. Grand texte : 3:1. Composants et informations graphiques nécessaires : 3:1.
A11: Constat
A12: Mise en conformité à réaliser
A13: Preuve de l'écart
A15: Retour à Démarrer | B15: Point précédent
A16: Point suivant | B16: Voir la synthèse

Sheet #05 - Évitement
A1: #05 | B1: Lien d'évitement
A3: Page à auditer | B3: Accès rapide aux contenus
A4: Slides projetées | B4: 92
A5: Question à tester | B5: Au premier appui sur Tab, un lien visible permet-il d'atteindre directement le contenu principal ?
A6: Référence WCAG 2.2 | B6: 2.4.1 - Contourner des blocs
A7: Référence RGAA 4.1.2 | B7: 12.7
A8: Comment tester | B8: Recharger la page puis appuyer une fois sur Tab.
A9: Ce qu'il faut rendre conforme | B9: Lien d'évitement présent, visible au focus, placé au début du parcours clavier et relié à une cible valide.
A11: Constat
A12: Mise en conformité à réaliser
A13: Preuve de l'écart
A15: Retour à Démarrer | B15: Point précédent
A16: Point suivant | B16: Voir la synthèse

Sheet #06 - Clavier
A1: #06 | B1: Focus et navigation clavier
A3: Page à auditer | B3: Parcours clavier
A4: Slides projetées | B4: 93-96
A5: Question à tester | B5: Le parcours complet fonctionne-t-il au clavier, avec un focus visible, un ordre logique et sans piège ?
A6: Référence WCAG 2.2 | B6: 2.1.1 - Clavier ; 2.1.2 - Pas de piège au clavier ; 2.4.3 - Parcours du focus ; 2.4.7 - Visibilité du focus
A7: Référence RGAA 4.1.2 | B7: 7.3, 10.7, 12.8, 12.9
A8: Comment tester | B8: Cacher la souris puis utiliser Tab, Maj+Tab, Entrée, Espace et les flèches.
A9: Ce qu'il faut rendre conforme | B9: Tous les éléments interactifs sont atteignables et activables. Focus visible. Ordre logique. Aucun blocage ni perte de focus.
A11: Constat
A12: Mise en conformité à réaliser
A13: Preuve de l'écart
A15: Retour à Démarrer | B15: Point précédent
A16: Point suivant | B16: Voir la synthèse

Sheet #07 - Langue
A1: #07 | B1: Langue de la page
A3: Page à auditer | B3: Atelier international
A4: Slides projetées | B4: 97
A5: Question à tester | B5: La langue principale et les changements de langue sont-ils correctement déclarés ?
A6: Référence WCAG 2.2 | B6: 3.1.1 - Langue de la page ; 3.1.2 - Langue d'un passage
A7: Référence RGAA 4.1.2 | B7: 8.3, 8.4, 8.7, 8.8
A8: Comment tester | B8: Inspecter l'attribut lang de la page et des passages rédigés dans une autre langue.
A9: Ce qu'il faut rendre conforme | B9: Langue principale déclarée avec un code valide. Changements de langue balisés lorsqu'ils modifient la prononciation.
A11: Constat
A12: Mise en conformité à réaliser
A13: Preuve de l'écart
A15: Retour à Démarrer | B15: Point précédent
A16: Point suivant | B16: Voir la synthèse

Sheet #08 - Zoom 200 %
A1: #08 | B1: Zoom à 200 %
A3: Page à auditer | B3: Ressources à zoomer
A4: Slides projetées | B4: 98
A5: Question à tester | B5: À 200 % et dans une fenêtre étroite, les contenus restent-ils lisibles et utilisables sans perte d'information ?
A6: Référence WCAG 2.2 | B6: 1.4.4 - Redimensionnement du texte ; 1.4.10 - Redistribution
A7: Référence RGAA 4.1.2 | B7: 10.4, 10.11
A8: Comment tester | B8: Zoomer à 200 %, puis tester séparément une zone d'affichage de 320 CSS px et parcourir tout le contenu.
A9: Ce qu'il faut rendre conforme | B9: Aucun texte coupé ou superposé. Contenus et commandes utilisables. Pas de défilement dans deux directions pour lire le contenu courant.
A11: Constat
A12: Mise en conformité à réaliser
A13: Preuve de l'écart
A15: Retour à Démarrer | B15: Point précédent
A16: Point suivant | B16: Voir la synthèse

Sheet #09 - Sous-titres
A1: #09 | B1: Sous-titres vidéo
A3: Page à auditer | B3: Vidéo de sensibilisation
A4: Slides projetées | B4: 99-100
A5: Question à tester | B5: La vidéo dispose-t-elle de sous-titres synchronisés et relus pour les paroles et les sons utiles ?
A6: Référence WCAG 2.2 | B6: 1.2.2 - Sous-titres pour un média pré-enregistré
A7: Référence RGAA 4.1.2 | B7: 4.3, 4.4
A8: Comment tester | B8: Lancer la vidéo, couper le son et activer les sous-titres.
A9: Ce qu'il faut rendre conforme | B9: Sous-titres disponibles, synchronisés et relus. Paroles, identification utile des locuteurs et sons nécessaires à la compréhension.
A11: Constat
A12: Mise en conformité à réaliser
A13: Preuve de l'écart
A15: Retour à Démarrer | B15: Point précédent
A16: Point suivant | B16: Voir la synthèse

Sheet #10 - Transcription
A1: #10 | B1: Transcriptions audio et vidéo
A3: Page à auditer | B3: Écouter un podcast
A4: Slides projetées | B4: 101
A5: Question à tester | B5: Une transcription complète, structurée et proche du média permet-elle d'accéder à son contenu sans écouter l'audio ?
A6: Référence WCAG 2.2 | B6: 1.2.1 - Contenu seulement audio ou vidéo pré-enregistré
A7: Référence RGAA 4.1.2 | B7: 4.1, 4.2
A8: Comment tester | B8: Chercher une transcription affichée à proximité du lecteur ou un lien explicite qui permet de l'ouvrir.
A9: Ce qu'il faut rendre conforme | B9: Transcription complète et structurée, affichée près du média ou accessible par un lien explicite placé à proximité.
A11: Constat
A12: Mise en conformité à réaliser
A13: Preuve de l'écart
A15: Retour à Démarrer | B15: Point précédent
A16: Point suivant | B16: Voir la synthèse

Sheet #11 - Audiodescription
A1: #11 | B1: Audiodescription
A3: Page à auditer | B3: Démonstration vidéo
A4: Slides projetées | B4: 102
A5: Question à tester | B5: Au niveau A, l'information visuelle essentielle est-elle disponible par l'audio principal, une audiodescription ou une alternative ; au niveau AA, une audiodescription synchronisée est-elle fournie lorsqu'elle est nécessaire ?
A6: Référence WCAG 2.2 | B6: 1.2.3 - Audiodescription ou version de remplacement ; 1.2.5 - Audiodescription
A7: Référence RGAA 4.1.2 | B7: 4.5, 4.6
A8: Comment tester | B8: Écouter d'abord sans regarder l'image, puis comparer avec la vidéo et ses alternatives.
A9: Ce qu'il faut rendre conforme | B9: Niveau A : audio principal, audiodescription ou alternative complète. Niveau AA : audiodescription synchronisée lorsqu'elle est nécessaire.
A11: Constat
A12: Mise en conformité à réaliser
A13: Preuve de l'écart
A15: Retour à Démarrer | B15: Point précédent
A16: Point suivant | B16: Voir la synthèse

Sheet #12 - Étiquettes
A1: #12 | B1: Étiquettes de formulaire
A3: Page à auditer | B3: Inscription à un webinaire
A4: Slides projetées | B4: 105-107
A5: Question à tester | B5: Chaque champ possède-t-il une étiquette visible, persistante et correctement associée, y compris pour les groupes ?
A6: Référence WCAG 2.2 | B6: 1.3.1 - Information et relations ; 2.5.3 - Étiquette dans le nom ; 3.3.2 - Étiquettes ou instructions
A7: Référence RGAA 4.1.2 | B7: 11.1, 11.2, 11.3, 11.5, 11.6, 11.7
A8: Comment tester | B8: Cliquer sur chaque libellé, vérifier le nom accessible et contrôler les légendes des groupes.
A9: Ce qu'il faut rendre conforme | B9: Étiquette visible et associée au champ. Nom accessible cohérent avec le texte visible. Légende pertinente pour chaque groupe.
A11: Constat
A12: Mise en conformité à réaliser
A13: Preuve de l'écart
A15: Retour à Démarrer | B15: Point précédent
A16: Point suivant | B16: Voir la synthèse

Sheet #13 - Erreurs
A1: #13 | B1: Champs obligatoires et erreurs
A3: Page à auditer | B3: Formulaire de contact
A4: Slides projetées | B4: 108
A5: Question à tester | B5: Avant l'envoi, les champs obligatoires sont-ils indiqués ; après la soumission, les erreurs expliquent-elles comment corriger ?
A6: Référence WCAG 2.2 | B6: 3.3.1 - Identification des erreurs ; 3.3.2 - Étiquettes ou instructions ; 3.3.3 - Suggestion après une erreur
A7: Référence RGAA 4.1.2 | B7: 11.10, 11.11
A8: Comment tester | B8: Observer l'état initial, puis soumettre un formulaire incomplet au clavier.
A9: Ce qu'il faut rendre conforme | B9: Obligations annoncées avant l'envoi. Après soumission, erreurs précises, reliées aux champs et accompagnées d'une aide à la correction.
A11: Constat
A12: Mise en conformité à réaliser
A13: Preuve de l'écart
A15: Retour à Démarrer | B15: Point précédent
A16: Point suivant | B16: Voir la synthèse

Sheet Synthèse
A1: Synthèse des 13 diagnostics
A2: Les constats, mises en conformité et preuves sont repris automatiquement depuis les 13 fiches. « À renseigner » signale un contrôle dont le constat est encore vide.
A4: # | B4: Page | C4: Point testé | D4: Constat | E4: Mise en conformité à réaliser | F4: Preuve de l'écart
A5: #01 | B5: Contrôler les images avant publication | C5: Texte alternatif des images | D5: =IF('#01 - Images'!B11="","À renseigner",'#01 - Images'!B11) | E5: =IF('#01 - Images'!B12="","",'#01 - Images'!B12) | F5: =IF('#01 - Images'!B13="","",'#01 - Images'!B13)
A6: #02 | B6: Résultats de recherche RGAA | C6: Titre de page | D6: =IF('#02 - Titre de page'!B11="","À renseigner",'#02 - Titre de page'!B11) | E6: =IF('#02 - Titre de page'!B12="","",'#02 - Titre de page'!B12) | F6: =IF('#02 - Titre de page'!B13="","",'#02 - Titre de page'!B13)
A7: #03 | B7: Guide du RGAA | C7: Titres et hiérarchie | D7: =IF('#03 - Titres'!B11="","À renseigner",'#03 - Titres'!B11) | E7: =IF('#03 - Titres'!B12="","",'#03 - Titres'!B12) | F7: =IF('#03 - Titres'!B13="","",'#03 - Titres'!B13)
A8: #04 | B8: Charte de publication | C8: Contraste des couleurs | D8: =IF('#04 - Contrastes'!B11="","À renseigner",'#04 - Contrastes'!B11) | E8: =IF('#04 - Contrastes'!B12="","",'#04 - Contrastes'!B12) | F8: =IF('#04 - Contrastes'!B13="","",'#04 - Contrastes'!B13)
A9: #05 | B9: Accès rapide aux contenus | C9: Lien d'évitement | D9: =IF('#05 - Évitement'!B11="","À renseigner",'#05 - Évitement'!B11) | E9: =IF('#05 - Évitement'!B12="","",'#05 - Évitement'!B12) | F9: =IF('#05 - Évitement'!B13="","",'#05 - Évitement'!B13)
A10: #06 | B10: Parcours clavier | C10: Focus et navigation clavier | D10: =IF('#06 - Clavier'!B11="","À renseigner",'#06 - Clavier'!B11) | E10: =IF('#06 - Clavier'!B12="","",'#06 - Clavier'!B12) | F10: =IF('#06 - Clavier'!B13="","",'#06 - Clavier'!B13)
A11: #07 | B11: Atelier international | C11: Langue de la page | D11: =IF('#07 - Langue'!B11="","À renseigner",'#07 - Langue'!B11) | E11: =IF('#07 - Langue'!B12="","",'#07 - Langue'!B12) | F11: =IF('#07 - Langue'!B13="","",'#07 - Langue'!B13)
A12: #08 | B12: Ressources à zoomer | C12: Zoom à 200 % | D12: =IF('#08 - Zoom 200 %'!B11="","À renseigner",'#08 - Zoom 200 %'!B11) | E12: =IF('#08 - Zoom 200 %'!B12="","",'#08 - Zoom 200 %'!B12) | F12: =IF('#08 - Zoom 200 %'!B13="","",'#08 - Zoom 200 %'!B13)
A13: #09 | B13: Vidéo de sensibilisation | C13: Sous-titres vidéo | D13: =IF('#09 - Sous-titres'!B11="","À renseigner",'#09 - Sous-titres'!B11) | E13: =IF('#09 - Sous-titres'!B12="","",'#09 - Sous-titres'!B12) | F13: =IF('#09 - Sous-titres'!B13="","",'#09 - Sous-titres'!B13)
A14: #10 | B14: Écouter un podcast | C14: Transcriptions audio et vidéo | D14: =IF('#10 - Transcription'!B11="","À renseigner",'#10 - Transcription'!B11) | E14: =IF('#10 - Transcription'!B12="","",'#10 - Transcription'!B12) | F14: =IF('#10 - Transcription'!B13="","",'#10 - Transcription'!B13)
A15: #11 | B15: Démonstration vidéo | C15: Audiodescription | D15: =IF('#11 - Audiodescription'!B11="","À renseigner",'#11 - Audiodescription'!B11) | E15: =IF('#11 - Audiodescription'!B12="","",'#11 - Audiodescription'!B12) | F15: =IF('#11 - Audiodescription'!B13="","",'#11 - Audiodescription'!B13)
A16: #12 | B16: Inscription à un webinaire | C16: Étiquettes de formulaire | D16: =IF('#12 - Étiquettes'!B11="","À renseigner",'#12 - Étiquettes'!B11) | E16: =IF('#12 - Étiquettes'!B12="","",'#12 - Étiquettes'!B12) | F16: =IF('#12 - Étiquettes'!B13="","",'#12 - Étiquettes'!B13)
A17: #13 | B17: Formulaire de contact | C17: Champs obligatoires et erreurs | D17: =IF('#13 - Erreurs'!B11="","À renseigner",'#13 - Erreurs'!B11) | E17: =IF('#13 - Erreurs'!B12="","",'#13 - Erreurs'!B12) | F17: =IF('#13 - Erreurs'!B13="","",'#13 - Erreurs'!B13)
B19: Retour à Démarrer
